Workbook

Sheet Ledger
A1: member | B1: tier | C1: joined | D1: paid
A2: Ada | B2: pro | C2: 2021-03-15 | D2: 750 | E2: =VLOOKUP(B2,Rates!$A$1:$B$3,2,FALSE) -> 750 | F2: =E2-D2 -> 0 | G2: =IF(F2<=0,"settled",IF(F2>=E2,"unpaid","partial")) -> settled | H2: =PROPER(A2)&" ("&UPPER(B2)&")" -> Ada (PRO) | I2: =VALUE(LEFT(C2,4)) -> 2021 | J2: =TEXT(E2,"$#,##0.00") -> $750.00
A3: Grace | B3: basic | C3: 2022-07-01 | D3: 0 | E3: =VLOOKUP(B3,Rates!$A$1:$B$3,2,FALSE) -> 120 | F3: =E3-D3 -> 120 | G3: =IF(F3<=0,"settled",IF(F3>=E3,"unpaid","partial")) -> unpaid | H3: =PROPER(A3)&" ("&UPPER(B3)&")" -> Grace (BASIC) | I3: =VALUE(LEFT(C3,4)) -> 2022 | J3: =TEXT(E3,"$#,##0.00") -> $120.00
A4: Alan | B4: plus | C4: 2020-11-30 | D4: 150 | E4: =VLOOKUP(B4,Rates!$A$1:$B$3,2,FALSE) -> 300 | F4: =E4-D4 -> 150 | G4: =IF(F4<=0,"settled",IF(F4>=E4,"unpaid","partial")) -> partial | H4: =PROPER(A4)&" ("&UPPER(B4)&")" -> Alan (PLUS) | I4: =VALUE(LEFT(C4,4)) -> 2020 | J4: =TEXT(E4,"$#,##0.00") -> $300.00
A5: Katherine | B5: pro | C5: 2023-01-09 | D5: 750 | E5: =VLOOKUP(B5,Rates!$A$1:$B$3,2,FALSE) -> 750 | F5: =E5-D5 -> 0 | G5: =IF(F5<=0,"settled",IF(F5>=E5,"unpaid","partial")) -> settled | H5: =PROPER(A5)&" ("&UPPER(B5)&")" -> Katherine (PRO) | I5: =VALUE(LEFT(C5,4)) -> 2023 | J5: =TEXT(E5,"$#,##0.00") -> $750.00
A6: Edsger | B6: basic | C6: 2019-05-22 | D6: 120 | E6: =VLOOKUP(B6,Rates!$A$1:$B$3,2,FALSE) -> 120 | F6: =E6-D6 -> 0 | G6: =IF(F6<=0,"settled",IF(F6>=E6,"unpaid","partial")) -> settled | H6: =PROPER(A6)&" ("&UPPER(B6)&")" -> Edsger (BASIC) | I6: =VALUE(LEFT(C6,4)) -> 2019 | J6: =TEXT(E6,"$#,##0.00") -> $120.00
A22: total owed | B22: =SUM(E2:E20) -> 2040
A23: total outstanding | B23: =SUM(F2:F20) -> 270
A24: unpaid count | B24: =COUNTIF(G2:G20,"unpaid") -> 1
A25: pro dues | B25: =SUMIF(B2:B20,"pro",E2:E20) -> 1500
A26: average owed | B26: =AVERAGE(E2:E20) -> 408
A27: members joined before 2022 | B27: =COUNTIF(I2:I20,"<2022") -> 3
A28: longest name | B28: =MAX(LEN(A2),LEN(A3),LEN(A4),LEN(A5),LEN(A6)) -> 9
A29: missing tier | B29: =VLOOKUP("gold",Rates!$A$1:$B$3,2,FALSE) -> #N/A

Sheet Rates
A1: basic | B1: 120
A2: plus | B2: 300
A3: pro | B3: 750
